Big Bird,1,Sesame Street,Fakeville,1234
Gordon Oconnell,2,3329 Tammy Well Suite 155,South Donald,64101
Connie Atkinson,3,4925 Brown Hollow Suite 903,East Barbaraborough,06479
Andrea Kane,4,2048 Burns Plains,Staceymouth,80522
Adam Chapman,5,266 Angela Square Apt. 014,East Brandonmouth,06910
Michael Harvey,6,78049 Leah Canyon Apt. 296,Lake David,28518
Thomas Hicks,7,088 Larry Oval Suite 358,North Darrell,57107
Mary Anderson,8,937 Cole Haven,Whitneyhaven,38847
Mary Gonzalez,9,77075 Armstrong Crescent,North Justin,42746
Laura Gray,10,82748 Eric Alley Suite 132,New Jessica,28751
Pamela Church,11,620 Johnny Turnpike,East Jamesview,69031
Richard Yang,12,492 Scott Key,West Alexandra,67003
David Bell,13,0582 Daisy Trail,Dustinburgh,30569
Michael Cole,14,4979 Nelson Flat,South Kristen,00982
James Shelton,15,1994 Gregory Rue Suite 892,Edwardsmouth,78302
Craig Malone,16,6066 Benjamin Mountains Apt. 383,South Craigport,40992
Kristen Duke,17,78717 Richard Courts,North Lori,21860
Robin Snow,18,7910 Jennifer Valley Suite 762,Martintown,14891
Eric Porter,19,00754 Carl Center,Adkinstown,30753
Sandra Clarke,20,704 Mclaughlin Prairie Suite 870,Fernandezfurt,91647
Isabella Lindsey,21,80772 Meza Common Suite 811,Cameronland,93857
Richard Berry,22,381 Monica Route,South Adamland,18530
Ryan Gonzalez,23,902 Cunningham Common,Tinahaven,89133
Dana Oliver,24,9669 Corey Burgs Apt. 926,Mcmahonberg,14799
Krista Brown,25,0564 Cooley Centers Apt. 782,West John,78141
Maxwell Martin,26,892 Andrea Stravenue Suite 707,Brianstad,84103
Diana Morton,27,00078 Anna Village,Lisaborough,74003
Susan Brown,28,1939 Franklin Avenue,Joshuamouth,81131
Ashley Peterson,29,025 Wilcox Avenue Suite 693,Thomasshire,41396
Cheryl Taylor,30,012 Bell Fords Suite 894,South Brett,66000
Jennifer Robinson,31,0313 Rodriguez Summit,Thomasland,82025
James Robbins,32,73286 Vazquez Mall,South Oliviaberg,49848
Tracey Roberson,33,804 Nielsen Springs,Rodriguezhaven,67676
James Gordon,34,8722 Morgan Underpass Apt. 578,Smithstad,24701
Elizabeth Huber,35,1136 Lisa Rapids Apt. 056,Port Charles,79730
Holly Baker,36,66848 Jones Manors,Theodoreshire,08963
Timothy Washington,37,55611 Ryan Lane Suite 127,South Todd,65742
Travis Weaver,38,293 Gutierrez Pike,South Diana,27923
Donald Patton,39,4079 Robin Harbors,Davidville,47951
Anne Clark,40,6179 Nicholas Lane,Lake Abigail,51155
Tyler Sullivan,41,57254 Santiago Vista Apt. 430,Hollystad,54949
Edward Gentry,42,439 Robert Parks Apt. 652,Sharonmouth,07059
Steven Waters,43,569 John Expressway Suite 592,Lake Molly,28388
Brittany Martin,44,35857 Chad Crest,West Michael,34923
Theodore Sims,45,578 Norris Roads,Paultown,19183
Alice Joyce,46,47921 Ashley Freeway Suite 877,West Michelleville,25529
Carolyn Lopez,47,12422 Christine Corner,East Alice,11120
James Reeves,48,83874 Fletcher Ridge,East Grantmouth,59634
James Morrow,49,7225 Brandon Springs Suite 589,Isaiahville,28660
Melanie Marshall,50,9159 Anthony Tunnel Apt. 064,North David,18245
Jeffrey Russell,51,7489 Dawn Alley Apt. 183,Fosterville,46023
Alicia Stark,52,5089 Manning Wells,West Joanna,61305
William Adkins,53,6989 Stephen Isle Apt. 008,North Alejandroburgh,99811
Dr. Donald Clark Jr.,54,0253 Nicholas Rapid,Andersonton,93240
Kevin Weber,55,697 Wood Motorway Suite 329,Andreafurt,07337
Jessica Cox,56,80756 Cervantes Forges,Tannermouth,89757
Brittney Phillips,57,80683 Clayton Extension Apt. 593,New Andreafort,97652
Lindsay Hayes,58,82023 Sandra Views,West Ricardoton,93497
Tina Sanchez,59,24738 Sweeney Flats Apt. 391,Michelemouth,09837
Jeffrey Evans,60,7344 Johnston Isle Suite 699,Hugheston,99669
Heidi Wise,61,9090 Norris Island Apt. 585,Port Anthony,94342
Alyssa Horn,62,506 Nancy Pines,Shannonfort,81035
Peter Parks,63,537 Mark Lane,Bridgetshire,45048
Laura Smith,64,8427 Jose Curve,Jamesbury,61491
James Valdez,65,16158 Brian Haven,West Lisaburgh,97543
Melinda Medina,66,071 Joann Isle Apt. 116,Hickmanland,16614
Jeffrey Allen,67,96981 Hopkins Station,Jamesfort,27580
Christopher Allen,68,27039 Garcia Plaza,East Connieport,62877
Amanda Perkins,69,40115 Hansen Square Suite 609,Heidimouth,43912
Jennifer Spencer,70,60056 Phillips Turnpike Apt. 271,West Derrickberg,05780
Denise Pacheco,71,6896 Jamie Cape,Derekhaven,38820
Grace Short,72,9908 Rodgers Junction,Lanceside,67712
Hunter Hernandez,73,82172 Bell Shores,North Elizabethton,05560
Hector Padilla,74,866 Matthew Road Suite 738,South Michaelton,17038
Marc Jackson,75,630 Edward Manors Suite 296,Williamsberg,05873
Timothy Andrews,76,3267 Peter Valley Suite 961,Davisside,97165
Chelsea Martin,77,04432 Williams Forks Apt. 650,Robertschester,53194
Destiny Johnson,78,90397 Adams Cliffs Apt. 042,Thomasfurt,59632
Nichole Tucker,79,8621 Deborah Mission Apt. 358,Port Jacquelineburgh,82764
Daniel Gentry,80,7272 Debra Mills Apt. 416,Allisonchester,61896
Daniel Price,81,8977 David Point Suite 849,North Bobby,68149
Katherine Fowler,82,2790 Nicole Bridge,Lake Samantha,40356
Jason Berger,83,07872 Hannah Trace,Heatherville,92862
Eric Boyd,84,7136 William Cove,Port Tylerstad,75092
Jeremy Dickson,85,82779 Troy Mews,Lauriestad,28096
Michael Peters,86,592 Flowers Creek Suite 523,Watsonberg,13796
Jamie Sparks,87,8722 Martin Fall Suite 341,Lake Patricia,45095
Eric Baker,88,2717 Jones River Suite 236,Veronicamouth,63409
Deborah Nichols,89,05346 Young Place,East Melissafort,69937
Katherine Moreno,90,34947 Henry Roads,Greenechester,17379
Jennifer Lewis,91,68490 Robert Court Apt. 273,Nicholsmouth,80523
Lindsay Donovan,92,30690 Rodriguez Coves Suite 866,West Luis,16000
Lisa Bailey,93,709 Brown Cliffs Apt. 093,South Alanborough,15095
William Garcia,94,28270 Jo Square Suite 971,Millerhaven,54614
Bill Odom,95,591 Kathleen Shoals,South Michaelhaven,27739
Derek Rogers,96,604 Haley Motorway,East Cathy,43048
Mark Tyler,97,312 Robert Turnpike,Bennettmouth,11958
Robert Allen,98,46912 Kelly Neck Apt. 856,East Brian,87177
Cindy Barton,99,545 Moore Well,Tinaville,17926
Eric Sellers,100,6640 Michael Point,Lake Anthony,55315
Jonathon Hardy,101,374 Crystal Cove,Lloydmouth,28183
Kimberly Caldwell DDS,102,6488 Barron Rue Suite 400,Adamsfurt,05358
Jeffrey Hunter,103,10849 Greg Flat,West Adam,84628
Michael Taylor,104,8074 Delacruz Orchard Apt. 375,West Shannon,26389
Andrew Walker,105,8577 Derek Prairie,New Barrymouth,77219
Paul Baker,106,75399 Vargas Corners,Richardhaven,83483
James Harrison,107,0037 Powell Coves Apt. 844,West Charles,68814
Timothy Shields,108,02764 Jamie Passage Apt. 124,Sarahland,30878
Stephanie Padilla,109,01456 John Curve Suite 016,Bautistahaven,23765
Todd Smith,110,33126 Daniel Hills Apt. 517,West Michael,63046
Patricia Holmes,111,640 Price Fields Apt. 643,Lawsonberg,56938
Jeremy Morgan,112,62943 Kemp Streets Apt. 398,Port Adamhaven,48942
Anna Hardy,113,5424 Shane Manor,Dianemouth,47075
Adam Ford,114,117 Stewart Locks,Perezchester,46960
Timothy Brown,115,9977 Rogers Pines Suite 075,Boyerbury,13117
John Harper,116,69735 Powell Squares Apt. 624,Cruzhaven,62097
Sabrina Harris,117,664 Ray Lock,Port Cindy,99129
Jose Strickland,118,9523 Marie Terrace Suite 900,Sotofort,11689
Tiffany Martinez PhD,119,38439 Jones Harbor Apt. 733,East Toddborough,61062
Tammy Johnson,120,5381 Reyes Center Suite 856,Lake Michelleside,88755
Kristine Reyes,121,048 Harris Branch,South Mariohaven,33327
Kim Haynes,122,93917 Griffith Summit,West Christine,37294
Samuel Williams,123,604 Nathan Court Apt. 105,New Oliviatown,58245
William Alvarado,124,5147 Walker Walk Apt. 912,New Christopher,97287
Sara Mosley,125,500 Carpenter Harbor Suite 919,North Tylerhaven,36726
Jesse Smith,126,84338 Brian Pass,Port Jacquelinechester,74330
Jaime Jones,127,22880 Lisa Field,Jennifertown,52891
David Blake,128,9848 Kelsey Lock,Leeside,05119
Tracy Johnson,129,1913 Sarah Parks,Bookerland,45792
Joshua Sweeney,130,19450 Maria Lights Suite 273,Evansmouth,81952
Mr. Johnny Walters MD,131,7388 Zachary Canyon Apt. 439,North Charleston,89877
Devin Gordon,132,3650 Tanya Greens Apt. 783,Oneillmouth,71898
Patrick Robinson,133,0230 Francis Knolls,Josephburgh,92931
Diana Wilson,134,628 Martha Isle Suite 581,Travisberg,89909
Nathaniel Smith,135,2370 Meyers Terrace,Jeffreytown,12086
Mary Goodman,136,8576 Shawn Mount Apt. 988,Jeffstad,03019
Jordan Burton,137,94376 Heidi Ville Suite 517,Lake Danieltown,01500
Jennifer Stone,138,75053 Smith Shoal Suite 618,New Graceton,78930
Teresa Perez,139,3616 Webster Dam Apt. 799,Wallaceside,21890
Gina Cortez,140,650 Adam Green Suite 987,West Elizabeth,97023
Jason Gregory,141,5295 Johnson Fort Suite 992,Angelafort,31944
Sarah Rowe,142,05245 Campbell Flats Apt. 255,Davisport,64085
Amy West,143,576 Nicholas Square,Port Darryl,01257
Rhonda Williams,144,486 Morgan Groves Apt. 066,Carolburgh,79138
Michael Hill,145,5368 Poole Club,Nolanhaven,02006
Teresa Stewart,146,8192 Ashley Center Apt. 533,Lake Jennifer,69647
Stephanie Cain,147,47350 Harvey Pike Suite 819,Tinabury,06254
David Snow,148,3797 Anderson Glens Apt. 904,North Kylie,50991
Robert Lynch,149,840 Amber Grove Suite 044,Edwinton,43375
Stephen Sweeney,150,23877 Christine Forge Suite 157,Hermanton,51426
Luke Lopez,151,9758 Mclean Islands,Westview,76184
Christopher Rios,152,089 Andre Isle Suite 280,Sanchezberg,92934
Michael Morris,153,979 Joseph Estates Suite 591,Port Tinamouth,66065
Justin Gray,154,9507 Hernandez Meadows,Kyleview,96390
Jacob Valdez,155,540 Anna Light,Newmanfort,24861
Laurie Sanders,156,1381 Richards Cliff,Matthewside,07305
Joshua Fields,157,50098 Porter Roads,West Anthony,44959
Tonya Brown,158,283 Gentry Key,South Jacob,04384
Roger Williams,159,3027 Katherine Ferry Apt. 106,Carlside,70268
James Anderson,160,49018 Robert Inlet,New Deborahstad,11044
Victor Ross,161,35178 Gina Mall Suite 456,North David,26573
Kevin Smith,162,768 Lynn Keys,Hernandezview,61681
Thomas Williams,163,67041 Brown Roads,Hollyview,37576
Carla Armstrong,164,72876 Brad Road Suite 898,Danielville,06319
Dr. Marc Richardson,165,534 Kevin Ford Apt. 590,North Jameshaven,49510
Lawrence Clark,166,61534 Richardson Oval Suite 368,Salazarhaven,67260
Richard Acevedo,167,3851 Stewart Green Suite 604,Robbinsside,08893
Sally Smith DDS,168,68139 Charles Gardens Suite 772,Port Wendy,17363
Claudia Aguilar,169,1950 White Vista Apt. 313,Jacksonchester,49791
Jeremy Middleton,170,847 Patel Mission Apt. 029,Lake Patriciachester,34634
Kara Walker,171,12926 Price Islands Suite 425,North Alison,47683
Caleb Graves,172,085 Richardson Plaza,Lake Gregoryfort,85460
Caroline Schneider,173,5619 Vincent Plaza,Debbiechester,07233
Mary Thomas,174,0779 Young Square Apt. 336,East Jill,95790
Kyle Ayala,175,562 Robin Crescent,Melissaview,96334
Frank White,176,41092 Olivia Island,Port Joanne,70451
Daniel Sanford,177,0228 Mcintosh Roads,West Suzanne,49682
Dominique Brown,178,424 Cox Inlet Suite 853,Joelview,40282
Amber Sanchez,179,6332 Michelle Valley Suite 127,Thomasland,64316
Michael Potter,180,0421 Brian Camp Apt. 997,Catherinechester,48995
Ryan Sharp,181,8448 David Cliff,North Christopherfurt,48555
Nicole Baxter,182,16851 Amanda Lodge Apt. 756,Kelleychester,75317
Joshua Thompson,183,366 Charles Spring Apt. 473,South Katrinamouth,02246
Mr. Matthew Richardson,184,681 Garrett Gateway Apt. 141,Medinashire,78699
John Vazquez,185,8842 Barrett Path,Jonestown,53761
John Valdez,186,56319 Stevens Isle,South Alex,79446
Jesse Dennis,187,546 Callahan Plain,Lake Rachelchester,40616
Adam Allen,188,7399 Curtis Estates Apt. 867,Port Loriside,80367
Thomas Kemp,189,3296 Amanda Parkways Suite 017,Ellenview,39126
Amy Nolan,190,298 Kenneth Divide Suite 373,North Melindastad,85199
Julie Howell,191,7265 Cain Plains,South Julie,49643
Ruben Fisher,192,04017 Phillips Shoals Suite 451,New Michael,88927
Michael Crawford,193,9699 Jessica Plaza,West Daniel,03368
Logan Reese,194,49899 Ashley Manor Suite 614,Allisonside,91255
Diane Meza,195,080 Choi Plains Apt. 190,Copelandshire,56463
Seth Johnson,196,695 Cheyenne Shoal Apt. 143,Port Gailport,50624
Christina Clark,197,353 Shelby Tunnel,Saundersberg,10915
Dean Brown,198,305 Rachel Prairie,Raymondborough,43111
David Choi,199,8460 Robinson Pass,Robertsonshire,77607
Kristen Cooper,200,4444 Peters Roads Apt. 158,Wandachester,75739
James Lowery,201,609 Erik Forge,New Deborahmouth,87208
Shane Hardy,202,89331 Elizabeth Crescent,West Matthew,80940
Chad Mitchell,203,4677 Taylor Dale,Lynchchester,28677
Kevin Rodriguez,204,3266 Jones Crest Apt. 401,Andersontown,43717
Jason Lewis,205,625 Janice Lights Suite 189,Katherinemouth,06211
William Scott,206,29260 Maria Manor Suite 568,Kellyland,03035
Dawn Freeman,207,561 Joseph Terrace,Seanfort,97720
Jordan Jackson,208,4618 Mcgrath Pike,Randychester,77133
Wendy Grant,209,603 Barber Causeway Apt. 523,Anthonyview,65999
Phillip Simpson,210,17306 Harris Valley Apt. 772,Scottborough,36402
John King,211,38098 Rodney Villages,Howardstad,92514
Diana Stevenson,212,2621 Bradley Springs,Lancetown,36490
Rodney Foster,213,80794 Simmons Crest,Port Vincenttown,16084
Kevin Brewer,214,5224 Christopher Burg,East Crystalfort,15943
Lance Carter,215,9528 Hatfield Street,Susanton,36785
Jasmine Garcia,216,097 Young Manor,West Jasmineborough,85181
Krista Reed,217,447 Castro Rest,Lake Tyrone,21914
Samantha Hunter,218,425 Jennifer Station,Dakotaborough,80209
Jessica Lewis,219,38458 Willis Ranch Apt. 043,Johnsonshire,88606
Sandra Lopez,220,570 Young Drive Apt. 762,Schaefermouth,56796
Vincent Cohen,221,3276 Molina Flat,Sydneyport,48368
Carl Barker,222,11631 Carter Track,South Ericchester,44221
Joseph Chavez,223,1428 Samuel Mountain,West Peter,30998
Patricia Johnson,224,2598 Winters Ridges Apt. 428,Port Doriston,82602
James Long,225,982 Jennifer Drive Suite 285,Garrettbury,36333
John Barnes,226,81735 Li Radial Apt. 787,Harperbury,29102
Laura Dunn,227,146 Jason Knolls,New Jacobville,45905
Lori Sandoval,228,8930 Grimes Green,North Miranda,04713
Christopher Lewis,229,99639 Jones Row Suite 384,North Brittanymouth,25500
Michael Perez,230,6408 Bruce Mill Suite 260,Lake Christopherburgh,53181
Travis Oneal,231,329 Jason Village Suite 385,Conradside,02355
Julia White,232,05887 Ward Throughway,West Carlmouth,98302
Anthony Cain,233,8256 Jeffrey Plaza Apt. 181,North Tiffany,08871
Rhonda Brooks,234,41671 Rojas Brook Suite 154,Deborahland,48590
Lori King,235,3443 Victoria Rapid,East Katherine,57473
Amanda Jensen,236,25843 Stanton Mountains,Derekport,94419
Tyler Flores,237,17082 James Garden,Freemanfurt,94216
Michael Wright,238,3266 Logan Spur,Blackmouth,69080
Jeremy Doyle,239,5818 David Trail,Morrisfort,62552
Christopher Peters,240,102 Hernandez Fork Apt. 974,Michelleport,76587
Dana Reed MD,241,88075 Tammie Lock Apt. 824,West Sarastad,18582
Todd Mcdonald,242,8040 Howard Ferry Suite 252,Greenhaven,29010
April Hull,243,612 Jeffrey Crossing,Cynthiatown,87104
Peter Henderson,244,7930 Erik Roads Apt. 178,Davidsonhaven,05538
Lee Salinas,245,4611 Amy Forks Apt. 197,Fernandezville,39188
Louis Smith,246,0343 Evans Grove,Roberttown,38382
Tyler Norris,247,53216 Andrea Ville Suite 153,East Maryside,28858
Travis Chase,248,1509 Santana Manors Suite 599,Port Hector,89757
Sherry Payne,249,3164 Linda Villages,Cortezview,51795
Jamie Little,250,54840 Perry River,North Kimberlymouth,29017
Anthony Martin,251,839 Jackson Street,Jerryberg,04060
Thomas Long,252,421 Harris Crescent Suite 589,West Alyssaton,55588
Regina Henderson,253,1926 Phelps Squares,Hughesbury,57113
Mitchell Chambers,254,6334 Alicia Estate Suite 676,Olsonmouth,19071
Gregory Mckinney,255,788 Williamson Green,North Javierville,32388
William Frost,256,8264 Collins Way Suite 755,Vasquezside,57380
David Bruce,257,965 Bruce Fork,East Nancychester,32325
Autumn Evans,258,19653 Travis Union,New Melissaborough,71456
Gregory Morton,259,19605 Lisa Streets Suite 208,Michelefort,14015
Frank Berry,260,19899 Robert Walks,West Shelby,44795
Colleen Stephens,261,3291 Williams Common,North Josephton,25729
Cheyenne Jordan,262,660 Matthews Mountains Apt. 273,Whitestad,63433
Angela Ali,263,8872 Parks Motorway Apt. 467,Richardsfurt,19713
Bill Melton,264,11760 Brooke Forges,Sheilaview,80204
Michelle Perez,265,22940 Michael Meadow Apt. 262,Morganport,26972
Julie West,266,770 Daniel Junctions Apt. 968,East Susantown,77357
Larry Martin,267,72866 Douglas Key,Jasonland,54071
Taylor Carter,268,925 Albert Key Suite 960,Waltersside,49817
Ms. Nicole Simmons,269,1936 Alvarez Pass,Joshuaburgh,60658
Mary Chaney,270,512 Mcguire Valleys Suite 111,Matthewmouth,79875
Mark Johnson,271,9392 Scott Parks Suite 403,Mccarthyhaven,61677
Tina Allen,272,018 Garcia Orchard,East Samantha,81099
Cory Freeman,273,28387 Gregory Fords,North Michaelmouth,92201
Gregory King,274,7451 Jonathon Mission Suite 402,Howellfurt,58520
Jennifer Flores,275,003 Rodriguez Forest,Meadowsborough,84884
Amber Galvan,276,0819 Debra Port Apt. 770,Paulton,58183
Jason Figueroa,277,6604 Cunningham Mill,East Normaton,96382
Robert Chandler,278,368 Benjamin Village Apt. 442,New Amber,00948
Samuel Nelson,279,7809 Morales Centers,Jeffreymouth,27336
Erica Forbes,280,47605 Charles Passage,New Jeffreyton,70801
Victor White,281,3002 Jeffrey Station,Cherylshire,92364
Nathan Alexander,282,49769 John Drive Apt. 474,Lawrenceberg,89297
Troy Graham,283,7080 Garrison Ridge,New Rachel,09235
Joanne Erickson,284,6508 Kim Rapid Suite 026,North Bethany,19897
Judy Graham,285,634 Christopher Mountain Suite 685,Tiffanyside,68134
Andrea Knox,286,14850 Brown Stravenue,Brendahaven,22470
Nicholas Green,287,526 Michael Gardens,Valenzuelahaven,77030
Joe Murphy,288,94953 Ashley Mill Apt. 975,Port Lindaview,90705
Adrian Saunders,289,6515 Emily Heights Suite 373,East Jonathanville,45890
Bonnie Sanchez,290,453 Odom Roads Suite 430,Harveyshire,74399
Matthew Riley,291,5519 Li Crossroad Suite 343,Christopherburgh,10482
Dr. Corey Gutierrez,292,79496 Martinez Plains,West Nicholasmouth,17655
Sandra Reyes,293,587 Hernandez Shores Suite 986,Jessicaburgh,15438
Stephanie Carter,294,14112 Jason Mission,Virginiastad,23311
Steve Thomas,295,9937 Parks Squares Suite 523,New Christie,36084
Jessica Rogers,296,624 Samantha Expressway,New Erikville,31812
Leonard Young,297,218 Jose Spurs Suite 525,Stephanietown,40756
Angela Vang,298,98347 Vincent Stravenue Apt. 481,Jennifertown,17606
Chloe Stokes,299,218 Lopez Vista,Troychester,30256
Rachel Rodriguez MD,300,1210 Erin Station Apt. 966,Michaelstad,74436
Lauren Huerta,301,1509 Perkins Forks Apt. 476,Kelseymouth,14279
Luis Logan,302,6905 Kelly View Suite 314,South Johnton,98049
Richard Cole,303,723 Walter Expressway,West Patricktown,76189
Michelle Clay,304,279 Cook Port Apt. 559,Lake Colleenfurt,75321
Erin Chambers,305,18236 Butler Flat,Courtneyside,69618
John Ray,306,862 Andre Mill Suite 171,New Jared,56409
Jonathan Lawrence,307,56159 Lisa Flats,Ambertown,84805
Michael Nunez,308,765 Ryan Freeway,South Annettebury,36895
Edward Taylor,309,88451 Bob Mountain Suite 480,Elizabethberg,04064
Erica Stephens,310,92775 Porter Branch,North Williambury,70227
Brian Garcia,311,8794 Hailey Forges Apt. 908,Wrightberg,51202
Brandon Weber,312,70710 Bridges Flat,North Erin,06998
Christopher Burns,313,45810 Mcdonald Summit,Morenoberg,77450
Randall Mccullough,314,666 Daniel Ways Suite 364,Port Tamaraside,11755
Ann Hernandez,315,8030 Jeffrey Port Apt. 093,East Christian,22726
Lindsay Roberts,316,11648 Bell Route Suite 607,West Michael,40691
Linda Powers,317,8294 Lisa Throughway Apt. 234,East Eric,71993
Bianca Cross,318,28896 Wendy Village,Jenniferbury,30717
Christine Good,319,22039 Sandra Burgs Suite 300,Davidmouth,38750
Christine Sweeney,320,799 Diaz Key Suite 826,Ramirezberg,06484
Tina Taylor,321,890 Ramirez Meadow Apt. 903,Lake Cynthia,10483
Beverly Martin,322,06042 Kathleen Isle,Nelsonside,80507
Evan Gonzales,323,293 Brittany Fall,Lake Robertfort,85632
Mary Wilson,324,975 Garcia Ford,New Crystalstad,53007
Jason Hunter,325,8513 Cook Stream,Lake Michellemouth,88571
Daniel Curtis,326,65033 Kelley Stravenue Suite 074,North Nathanielview,41970
Aaron Jones,327,1858 Caitlyn Isle Suite 525,Randolphmouth,31554
Mary Price,328,4251 Porter Valley Suite 722,Port Justin,90591
Dylan Hester,329,11279 Valdez Field Apt. 249,North Kimberly,51482
Leonard Watson,330,86687 Jeremy Mills,Lake Amandaport,94452
Victoria Donovan,331,60669 Brandi Lakes,Nataliestad,79910
Mario Short,332,91832 Karen Keys,Greenland,99464
Heather Davis,333,66811 James Pass,Frederickland,95729
Ryan Shaw,334,06310 Richard Dale Suite 205,New Annburgh,68474
Theresa Knapp,335,57805 Stout Stream Apt. 943,Port Jamesberg,54076
Miranda Martinez,336,8621 April Drive,West Joel,09163
Shawn James,337,164 Hannah Motorway,Smallport,76065
Kelly Williams,338,930 Michele Glen Suite 770,Joyceview,70870
Courtney Nguyen,339,874 Amy Lock,Kevinview,22619
Yvonne Powell,340,893 Anthony Fords Apt. 238,North Carrieville,60057
Marco May,341,97514 Black Square,Wallaceport,81996
Lisa Callahan,342,5065 Alexander Fords,New Darlene,84603
Timothy Smith,343,0288 Mitchell Courts,Jasmineview,34074
Joseph Ballard MD,344,66036 Laura Squares,Pittmanmouth,06877
Christopher Warren,345,619 Cathy Inlet Apt. 372,Rayberg,23650
Brenda Moody,346,08063 Tate Alley Apt. 870,Lewischester,73527
Ashley Davis,347,2515 Mcguire Brook Apt. 670,Paulaville,41087
Cody Newton,348,138 Joel Manor,Perezburgh,91050
Tamara Henry,349,04101 Rowe Plaza,East Davidtown,61015
Jessica Blevins,350,595 Jason Falls,Simontown,11197
Peter Kent,351,0362 Mathews Manors,North Richard,25062
Ronald Perry,352,261 Mark Lodge,Elliottville,14666
Chris Golden,353,237 Schmidt Center,Victoriamouth,40308
Jennifer Kennedy,354,15586 Sharon Flats Apt. 545,Port Michaelshire,03875
Kyle Pugh,355,1473 Erin Groves,Port Karentown,95864
Emily Butler,356,8575 Kimberly Points,Garciaport,02749
Joshua Delacruz,357,7896 Ross Brook Suite 822,Brownmouth,13769
Malik Beard,358,4295 Kim Pike Apt. 795,Ashleyburgh,57232
Catherine Cowan,359,635 Wiley Cove,Hardyside,22622
Devon Harper,360,16633 Lindsey Rapid,West Cody,03565
Tina Friedman,361,3542 Mcmahon Motorway,Davidfurt,96740
Anthony Pierce,362,904 Brianna Bridge Apt. 786,Hermanfort,76382
Gabriel Wood,363,83241 Davis Keys,Fisherhaven,87428
Julia Kirk,364,169 Butler Square Suite 251,Port Louisfort,15130
Tina Rivera,365,18626 Elliott Bypass,Grayland,15896
Gerald Patel,366,778 Perkins Grove,Kimberlyville,44673
Robert Richardson,367,5845 Warren Green Suite 159,Lake Jeffrey,89060
Justin Fuller,368,0772 Russell Land,Staceymouth,51515
Herbert Rivera,369,9569 Sandra Ramp Suite 707,Smithville,25418
Valerie Weber,370,4158 John Expressway Suite 778,Josephfurt,67595
Denise Maldonado,371,7373 Anthony Vista,Rodriguezshire,54220
Norma Santiago,372,0874 Kristina Radial Suite 508,South Krystalview,51635
Donna Sanchez,373,00225 Michelle Ports Apt. 765,Andersonburgh,78290
Derek Williams,374,15200 Jacobs Turnpike,Samuelton,17061
Kelsey Gutierrez,375,0055 Bennett Villages,Wrightburgh,77897
Dawn Henry,376,92101 Evans Burg Apt. 763,Port Amanda,72568
Justin Anderson,377,1563 Brown Trail Suite 463,Scottport,18041
William Williams,378,25106 Martinez Unions,Laurahaven,22459
Joseph Harper,379,941 Marquez Prairie,Danielville,18307
Vickie Park,380,0153 Sandra Path,Elizabethhaven,43217
Deborah Tyler MD,381,2498 Jeremy Ridges,Herreramouth,87048
Yvonne Jenkins,382,04999 Joseph Trail,Leemouth,21477
Stephanie Phillips,383,0709 Santos Manors,Denisetown,81894
Tom Thomas,384,90385 Micheal Mews,Garciaview,70107
Cheryl Wallace,385,679 Smith River,Port Kelly,67959
Sarah Glover,386,86613 Clark Lodge Suite 979,South Timothystad,85498
Michael Hogan,387,7519 Freeman Viaduct,Brittanyburgh,81932
Andrea Frost,388,153 Tasha Brook Suite 572,East Billychester,64103
Hannah Wolfe,389,0594 Henry Wells,Wrightport,77303
Travis Randall,390,772 Donald Run,Michaelhaven,35598
Joy Wu,391,6867 Justin Extensions Suite 326,New Caleb,58136
Richard Lester,392,00299 Mitchell Station Apt. 155,New Jeffreymouth,94583
Jennifer Shaw,393,8568 Scott River,Port Melissaland,14102
Andrew Gonzalez,394,044 Valdez Parkways,Lake Kyleburgh,15578
Julie Dunn,395,233 Mandy Walks Apt. 478,East Royfort,95741
Robin Barrett,396,380 William Trace Suite 224,West Jennifer,83039
Vicki Gutierrez,397,0357 Bishop Lock Apt. 174,Phelpsfurt,68321
Terry Garcia,398,0456 Fischer Cove,Davidside,21564
Daniel Martinez,399,320 Daniel Run Apt. 043,East Charlestown,69431
Scott Gutierrez,400,25632 James Mission Apt. 335,New Peterfurt,78001
Michael Townsend,401,27613 Chloe Burg,South Taramouth,52579
Cheyenne Nelson,402,6999 Suzanne Junction,West Jasonhaven,31911
Terry Young,403,51611 Jill Mountains Apt. 219,Jenniferfort,88048
Jody Jacobs,404,301 Robert Loop Suite 410,Ruizbury,04759
Kevin Neal,405,5507 Hines Ranch Suite 479,Port Timothy,05131
Tony Morgan,406,545 Lamb Squares,West Johnport,56042
Steve Gardner,407,55668 Roberts Ports Apt. 393,Mcgeeville,94133
Charles Davidson,408,12635 Jeffery Junctions Suite 489,South Anita,45200
Rebecca Ellis,409,411 Jones Extension Apt. 254,West Todd,07967
Shawn Day,410,28569 Shaw Loop Apt. 716,Loganshire,45355
Rebecca Baker,411,3788 Santiago Run,New John,76949
Ashley Hurley,412,5385 Mercer Freeway,Cynthiamouth,84693
Eric Durham,413,875 Hurley Pass Apt. 304,Jacobsstad,08959
Sherry Best DDS,414,4094 Laura Row,Mendeztown,92954
Nicole Johnson,415,795 Martinez Lakes,Neiltown,57850
Cindy Preston,416,737 Dustin Flat Suite 362,Kristinaview,60746
Christine Roberts,417,227 Samantha Stream Suite 859,Powersside,47735
Patricia Taylor,418,108 Stevenson Extensions,North Christopherberg,52400
Cheryl Robinson,419,0182 Kennedy Grove Suite 429,South Brandy,59433
Amanda Davis,420,8750 Vanessa Lane,West Julieport,90629
Brianna Hall,421,8607 Cross Mountain,South Matthewfort,53576
William Blackwell,422,28892 Vazquez Mill Apt. 703,Hayestown,09654
Robert Keith,423,52448 Flores Highway Suite 674,Port Rebecca,79043
Mr. Matthew Walter,424,25048 Alicia Loaf Suite 530,South Ralph,86328
Michael Leonard,425,769 Stone Canyon Apt. 158,Port Anna,42151
Donna Weaver,426,83061 Jamie Brooks,North Jasonview,24778
Sierra Maddox,427,65087 Shaw Brook Suite 740,North Brendaside,46493
Grant Shaw,428,94783 Marshall Avenue,Fitzpatrickchester,95128
Charles Martin,429,8951 Williams Ways,West Katherine,27079
Diane Duran,430,0034 Miller Meadow,Juliaview,46932
James White,431,528 Davis Road,Port Bill,29840
Brendan Gibson,432,90939 Samantha Lodge Suite 253,East Lynnfurt,02148
Lindsey Richardson,433,394 Golden Fort,Angelhaven,84682
Jared Hicks,434,41654 Christopher Grove Suite 347,West Davidland,54675
Allen Bradford,435,7104 Cynthia Cove Suite 809,Nguyenville,95321
Sara Shepherd,436,88645 Brenda Summit,South Markfort,59699
Dustin Payne,437,31581 Micheal Lodge Suite 049,New Nathan,50749
Kelsey Rush,438,2980 Evans Keys Apt. 288,Bethanyport,95848
Anthony Johnson,439,2948 Jacqueline Islands,Lake Jared,70422
Raymond Jones,440,8187 Maria Cape Suite 742,Davisview,69202
Jason Green,441,30381 Smith Park Suite 941,Floresmouth,01979
Pamela Adams,442,17554 Kelly Isle Apt. 487,Richardshire,42467
Diane Kelley,443,9601 West Spring Apt. 007,Patrickhaven,22557
Crystal Hopkins,444,52404 Blair Drive Suite 250,Leslieview,91377
April Black,445,990 Yu Village Apt. 422,Angelaborough,39752
Bruce Webb,446,338 Brooks Ridges,Wagnerland,20953
Robert Wood,447,321 Meyer Track,Brettland,13027
Mary Mason,448,196 Smith Fields,West Joshuaport,16600
Michael Dean,449,95832 Mark Trafficway Apt. 559,West Brett,47981
Morgan Green,450,3772 Debra Park,Lake Madisonstad,85445
Kathleen Benson,451,938 Dustin Ways Suite 723,Lopezburgh,17367
Melanie Johnson,452,497 Evans Knolls Suite 569,North Randallchester,59456
Connor Aguilar,453,2401 Wallace Underpass,New Jacquelineport,75722
Ruth Zimmerman,454,57472 Meyer Plains,Jamesmouth,80198
Patrick Ball,455,00463 Valerie Mills Suite 177,Julieville,94963
Steven Yu,456,8663 Haley Light Apt. 987,Kristenfurt,48849
Ellen Miller,457,64238 Turner Isle Suite 175,Browningberg,81443
Sarah Anderson,458,35663 Destiny Green Apt. 724,New Elizabethtown,40872
Dominic Hicks,459,6638 Paul Fort,North Jessica,63845
Joy Pineda,460,58010 Dean Ridge,Amychester,98302
Shannon Rollins,461,54488 Christian Wall Apt. 550,New Andrew,25001
Christopher Walters,462,9184 Guzman Curve Apt. 849,Burnston,15331
Michael Ray,463,509 Jackson Pines,South Lacey,51610
Robert Wood,464,8282 Jenkins Corners,South Emily,67552
James Johnson,465,35157 Patterson Fork,New James,72702
Marie Pena,466,05035 Clayton Parkways,Haysview,66094
Jennifer Anderson,467,5708 Powers Pines,Loganfurt,92958
Adam George,468,84668 Martin Harbors Apt. 133,Hoffmanstad,74638
Maria Adams DVM,469,580 Kelly Loop Apt. 080,Port Cherylport,63253
Anne Mullins,470,84123 Smith Rapid Suite 304,South Tamara,37475
Emily Harris,471,052 Matthews Fords,Port Cheyenneshire,76594
Taylor Levy,472,43132 Byrd Bypass Apt. 004,Juarezberg,78713
Joshua Butler,473,1256 Amanda Unions,West Renee,78586
Kelly Wells,474,86043 Deborah Bridge Apt. 115,Turnermouth,10328
Jeffrey Cannon,475,430 Bailey Ridges,Markfurt,84714
Dr. Cindy Ayers MD,476,7680 Luis Loop,Piercefort,65278
Jennifer Castillo,477,31559 Carlos Street Apt. 077,East Jennifer,89334
Valerie Parsons,478,190 Walters Locks Suite 264,Harrisville,96951
Robert Wagner,479,28975 James Circle,Solisview,53186
Karen Lara,480,078 Walter Circle,Baileytown,56702
Melanie Wright,481,9504 Alexander Cove Suite 203,Michaelhaven,54514
Susan Cruz,482,87308 William Isle Suite 446,South Julianstad,65313
William Howell,483,693 Jonathan Court Suite 734,Haroldside,12432
William Davila,484,975 Manning Camp Apt. 981,Kaylaside,50208
George Flores,485,262 Jones Throughway Apt. 579,New Heather,78050
Michael Carroll,486,6635 Rodriguez Run Suite 947,Torresside,02021
Anthony Wilkinson,487,1402 Patterson Vista,Taylormouth,32745
Amber Perez,488,7004 Cohen Crest Suite 501,Brownshire,61843
Jennifer Hunter,489,97435 Sheena Island,South Paulabury,44710
Tami Salazar,490,565 Reid Ridge Suite 189,Jacksonport,38535
Dustin Mitchell,491,92885 Elizabeth Trail Apt. 118,New Matthew,58210
Jeanette Smith,492,91332 Megan Common Suite 010,Keithville,82987
Christina Wiley,493,89430 James Mall Suite 765,Port Emily,51082
Diane Freeman,494,342 Albert Summit Apt. 845,Dennismouth,12346
Sandra Butler,495,28020 Mccoy Inlet Apt. 399,Bakerview,34704
Travis Griffith,496,18005 Jackson Port,Basston,51163
Marcus Davis,497,5070 Kirby Trail,Jessicastad,52925
Tina Kim,498,111 Dennis Parks,Luisland,46473
Shawn Kelly PhD,499,9434 Tonya Summit,West Robert,91321
Tyler Lowery,500,837 Clark Islands Apt. 973,Jacksonville,29295
Matthew Jordan,501,0344 Jacqueline Village,South Yvonne,09966
James Davidson,502,45671 Evan Circle Suite 320,New George,23617
Cody Gay,503,98521 Jones Extensions,Connieburgh,20085
Ellen Scott,504,616 Ramirez Mills,Lake Tabitha,32658
William Walker,505,046 Karla Dam,Port Lindatown,61709
Brandon Barker,506,53627 Miller Manor Suite 759,Larryhaven,94406
David Hart,507,119 Derek Crossing,Kingland,81675
Robert Reed,508,766 Evans Neck,Hicksfort,72407
Connor Hopkins,509,619 Thomas Pike Suite 737,Port Dominiqueview,91777
Adam Moore,510,12528 Wang Mount Suite 920,Keithfurt,99089
Timothy Jones,511,6950 Johnson Lakes Apt. 564,Millerland,10166
Christopher Campbell,512,3217 Kathryn Summit,Lake Warrenmouth,74120
Steven Ali,513,0576 Weber Run Suite 999,West Heatherland,59173
Travis Reyes,514,42285 Janice Freeway,Phyllisview,24059
Jamie Baker,515,43006 Edwards Branch Suite 233,Port Manuelburgh,40229
Jesse Jimenez,516,238 Christy Mount,Davilaside,45086
Howard Floyd,517,947 Gary Spurs,New Matthew,40802
Chelsea Campbell,518,3597 Warren Fields,Ginamouth,68876
Paula Collins,519,602 April Pines Apt. 490,South Maryshire,66715
Gregory Mclaughlin,520,614 Elizabeth Turnpike Suite 750,Port John,56570
Paul Baker,521,07208 Rivera Wells,Danielsview,96953
Allison Boyd,522,04354 Kelly Shore Apt. 052,Joshuastad,23499
Mary Gonzales,523,064 Landry Valleys Apt. 204,Brittanyville,02211
Timothy Ferrell,524,370 Robinson Views Suite 319,Hayesburgh,55799
Alexandra Weiss,525,5207 Mark Manors,Wesleyland,17318
Paul Jackson,526,810 Villegas Ports,Toddstad,81485
William Guerrero,527,19909 Davis Key,Watsonville,03693
Mary Russo,528,0038 Oliver Mills Suite 628,Stonehaven,01166
Dr. Jeffrey Wells,529,704 Charles Springs,Jamesborough,10911
Joshua Jordan,530,028 Clark Fall Suite 832,Garciatown,10505
James Flores,531,555 Joseph Causeway,South Abigailburgh,54073
Dr. Larry Jennings,532,558 Warner Harbor Suite 759,West Erinberg,56131
Jenny Wiggins,533,81631 Ross Lake Suite 602,North Katherine,60540
Brent Nunez,534,17920 Davis Crossing Suite 584,Hoodberg,29833
Lauren Tyler,535,541 Laura Brooks Apt. 930,East Robert,27287
Terry Rivera,536,232 John Hill,Port Jaimestad,16755
Erin Byrd,537,3102 Amy Greens Suite 982,West Christystad,56236
Richard Mcguire,538,9747 Mackenzie Court Suite 365,Lake Victoria,91253
Roger Page,539,0727 Gonzalez Parkways Suite 231,Huberbury,57586
Monica Mendoza,540,59733 Morgan Curve Suite 214,South Mark,74443
Christina Barnes,541,95942 Jean Pass Suite 455,Haleport,68503
Brian Wright,542,59042 Nathan Roads Suite 896,North William,07604
Brianna Weaver,543,003 Seth Course,North Terry,31858
Amanda Hughes,544,78040 Ricky Mission,Callahanland,72860
Molly Rivas,545,860 Garcia Court,Williammouth,78250
Gary Lopez,546,740 Cameron Mission,North Alexis,43542
Matthew Irwin,547,2247 Sellers Park Apt. 788,Markburgh,10068
Angela Davis,548,11291 Heidi Trail Apt. 914,New Brittany,70939
Ethan Cox,549,86539 Hall Overpass,Adrianafort,90910
Marilyn Bowman,550,34613 Lopez Knoll Apt. 753,West Gloria,37591
Cynthia Harrison,551,3104 Livingston Viaduct,Colonhaven,80007
Michael Gibson,552,337 Myers Walks Apt. 282,East Eric,32790
Hayden Fields,553,90967 Daniel Rue Apt. 365,South Jesusmouth,06034
Justin Johnson,554,460 Hernandez Manors Suite 373,Deniseside,38340
Joshua Warner,555,77801 Bradford Walks Suite 025,Port Benjamin,32615
Albert Murphy,556,0530 Fernandez Cape Apt. 982,South Brandonton,52510
Brittney Blackwell,557,65268 Guerra Club Apt. 103,Taylorport,89507
Nicole Bauer,558,108 Fisher Knolls Apt. 023,Hamiltontown,22316
Justin Massey,559,4216 Wilson Lane,Jaclynport,22572
Kathleen Cruz,560,414 Karina Road,Elizabethmouth,20016
Kyle Robles,561,31332 Stephanie Vista,Port Patrick,95214
Tonya Maynard,562,313 Ayala Trace Apt. 375,Jonesville,23329
Eric Bell,563,8773 Adams Prairie Suite 508,Jacksonburgh,94692
Heather Dunn,564,9084 Ellis Square Suite 987,New Michael,72786
Whitney Reynolds,565,95751 Taylor Curve,Port Julie,07692
Andrea Velez,566,139 Chase Key Suite 409,Danielberg,69970
Joseph Riley,567,9045 William Unions,Mirandaland,18400
Robert Williams,568,339 Allen Junctions,Beckertown,72891
Melinda Hoover,569,47013 Thompson Skyway,Lake Brian,35601
Kim Wheeler,570,1256 Scott Shoals,Victoriafort,74567
Christine Beard,571,4535 Nicholas Underpass Apt. 662,Taylormouth,75318
Mark Griffin,572,569 Ryan Falls,Ianfort,60743
Brian Mcdonald,573,859 Reynolds Passage Apt. 662,North Eddie,66504
Amber Stokes,574,857 Meagan Squares,Esparzachester,76161
Jordan Aguirre,575,831 Kayla Circles Apt. 522,Mcdonaldmouth,08134
Melinda Gonzalez,576,969 Robertson Valley Apt. 105,Michaelfort,64334
Whitney Hernandez,577,7880 Wright Streets Apt. 741,Jackiechester,79141
Kristine Gonzalez,578,5879 Rogers Mill,Edwardbury,74111
Mark Wiggins,579,002 Jennifer Terrace,West Pamelaside,59271
Rebecca Diaz,580,054 Kelly Curve,West Amytown,97983
Alyssa Campbell,581,7093 Matthews Ramp,Allenhaven,61974
Sean Wilson,582,12879 Ryan Parkways Apt. 371,Rebeccaton,95782
Jill Sampson,583,073 Gwendolyn Plaza,Port Donna,40231
Lisa Jones,584,48587 Leah Station,Pricestad,01560
Jamie Cain,585,707 Anderson Freeway Apt. 866,Stephaniemouth,25084
Barbara Noble,586,7796 Judy Ports Apt. 231,Pricemouth,91534
Christopher Lucas,587,0941 Connie Curve Apt. 947,Kathyfort,75140
Walter Hale,588,426 Cassandra Parks,Jacobmouth,93737
Melanie Fernandez,589,93099 Casey Row Suite 271,Turnermouth,38682
Brian Fuentes,590,39581 Ross Centers Apt. 840,Taylorchester,75217
Kimberly Lewis,591,744 Cynthia Stravenue,Davisbury,74223
Richard Collins,592,0843 Howe Cape Suite 176,East Morganside,62933
Julia Johnson,593,32551 Joshua Garden,South James,63158
Stephanie Thomas,594,06585 Gregory Cove Apt. 677,Port Elizabethville,12821
Anna Brown,595,902 Michael Burg,East Calvin,66604
Dennis Olson,596,98291 Todd Islands,West Tony,59516
Kelly Garner,597,10841 Steven Burgs,New Adam,24389
John Ramirez,598,256 Willie Oval Suite 240,East Jenniferbury,75838
Vincent Mason,599,5619 Antonio Walk,Port Tristanland,94589
Jesus Brown,600,5654 Braun Crest Apt. 936,Port Jessicaport,54294
Christina Sims,601,71889 Crawford Village,North Ryan,40511
Grant Lewis,602,4520 Kenneth Vista,Biancachester,29921
Nancy Miller,603,8134 Cortez Tunnel Suite 312,Lake Luismouth,05077
Dr. Anna Smith,604,7272 Chase Walks Suite 312,Martinmouth,10436
Glenn Morris,605,3953 Lee Harbors,South Amandatown,11312
Michelle Lewis,606,41630 Hall Squares,South Andreashire,63302
Eric Leblanc,607,4776 Steven Cove Apt. 589,Lake Charles,70369
John Webster,608,70001 Tiffany Heights,Williamsshire,16421
Lindsay Singh,609,48002 Adam Motorway,Dayfort,64700
Terry Mclean,610,197 Elizabeth Walk,East Zachary,06661
Richard Burton,611,01618 Julie Creek Suite 084,Houstonborough,31223
Michael Rodriguez,612,0459 Wendy Roads,Floresborough,21798
Robert Hansen,613,528 Taylor Flats,West Carlberg,79282
Jonathan Valdez,614,785 Davenport Cove Suite 585,Stanleyfort,31479
Andrew Blevins,615,5678 Jeff Extension,East Bernardborough,30784
Tina Adkins,616,3458 Mark View Apt. 179,Terryton,07978
Jennifer Good,617,315 Davis Mission Suite 501,Gilbertborough,30378
Albert Duran,618,1604 Skinner Crest,Laurenborough,48198
Kyle Green,619,206 Powell Glen Apt. 205,Brianaland,83425
Steven Cook,620,78585 Boyd Island,New Kayla,07400
Brandy Washington,621,1552 Herring Stream,Danielborough,79946
Gregory Curry,622,7353 Randy Viaduct Apt. 802,North Meganview,62040
Ricardo Morris,623,54374 Jennings Gateway,New Christine,29078
Brandon Vazquez,624,211 Cody Circles,New Edwin,09497
John Ali,625,67095 Martin Mission Apt. 240,Dunnstad,69232
Sarah Walker,626,30317 Butler Shore,Davidside,34349
Laura Mcclain,627,499 Christina Streets Suite 688,Alyssafurt,46858
Thomas Brown,628,48851 Ashley Port Apt. 889,Port Cynthia,17783
Alexis White,629,70914 Cindy Mills,New Margaret,83319
Ashley Dominguez,630,56608 Shannon Orchard Apt. 019,New Lisa,43402
Madison Chase,631,8035 Nicholson Trail Apt. 550,Vanceland,49852
Christine Reynolds,632,6997 Gregory Prairie Suite 881,Ellisonstad,55648
Calvin Jackson,633,683 Zimmerman Circles Suite 934,Evansport,01740
Taylor Ramos,634,392 Carter Mountains Apt. 536,Michelleshire,75680
Dr. Laurie Frazier,635,1029 Antonio Islands Suite 454,North Anthony,33640
Vanessa Miller,636,86238 Scott Glens,Michaelside,19646
Joseph Walton,637,91554 Harris Ramp,Lake Sarah,42647
Bill Davidson,638,57184 Lisa Prairie Apt. 581,Foxbury,92447
Mariah Cisneros,639,86246 Rodriguez Summit Apt. 815,Bradychester,34358
Brian Adams,640,70220 Kelli Loaf,Micheleborough,06150
Kathryn Buchanan,641,46388 Lisa Knolls Apt. 355,Michelleton,57842
Megan Jackson,642,6315 Jones Canyon,Taylorton,80131
Jeremy Hobbs,643,2751 Doyle Glens,Rebeccaville,22034
Dale Hancock,644,6593 Mario Islands,Williammouth,72885
Garrett Jackson,645,63497 Christopher Mountain,Mathewfort,53263
Greg Shaw,646,518 Smith Plaza,Greenfort,77255
Robert Jennings,647,806 Stephanie Estates,Brandiborough,72919
Angela Garcia,648,309 Reginald Mission,Michellefort,40038
Elizabeth Peters,649,1323 Richard Divide,Curtismouth,13453
Patricia Ford,650,94004 Lawson Crest,South Christinafort,77425
Vincent Powell Jr.,651,12492 Manuel Corner Suite 562,Port Theresachester,25451
Marissa Weaver,652,87141 Jose Stravenue Suite 009,Lake Nancyville,17740
Brittany Miles,653,761 Wood Overpass Suite 125,Munozchester,38960
Paul Smith,654,612 Joseph Views,West Jason,11742
Veronica Flores,655,9314 Kelly Knolls Apt. 842,Parkerside,25099
Jared Hall,656,767 Thompson Mill,North Samanthachester,93380
Gina Clark,657,60113 Odom Trace,New Carolynburgh,98193
Mr. Jon Stout,658,395 Blake Street,Port Cindy,52894
Jay Rogers,659,234 Dawn View Suite 399,South Michael,60107
Alexander Schaefer,660,712 Terry Land Apt. 700,Tonyaberg,21911
Joanne Butler,661,0502 Brian Cove,New Abigailside,66909
James Tran,662,706 Martin Well Apt. 757,East Wendymouth,50007
Kyle Coleman,663,6246 Gray Meadow,Port Christine,73859
Amanda Salas,664,8974 Clark Prairie Suite 335,Wallberg,61131
Joseph Fritz,665,31651 Marc Spur Suite 981,Valerieside,21564
Amber Mann,666,9973 Lisa Walk Suite 826,North Richardburgh,22092
Sheila Thornton,667,344 Lori Fall Apt. 973,Lake Matthewburgh,67037
Thomas Levy,668,5419 Dickerson Green,Smithchester,80360
Dawn Burton,669,3956 Aguirre Burgs,Karenhaven,85210
Tara Frazier,670,627 Harrell Causeway,Jensenchester,26474
Brian Barnes,671,28759 Jacqueline Corner Suite 114,South Ericbury,86740
Amy Huff,672,364 Monique Squares Apt. 789,Bryantland,62865
Samantha Arnold,673,2613 Erik Plain,Johnville,41716
Isabella Charles,674,87191 Valerie Cove,Markside,28041
Karen Ramirez,675,812 Joseph Light Apt. 523,Jenniferburgh,50429
Richard Barker,676,2006 Choi Manor Suite 564,East Ricardo,25834
Valerie Davis,677,62402 Ewing Garden,Robertsonland,09580
Robert Nelson,678,8206 Thomas Gateway Suite 897,Rowetown,43509
Kelly Holmes,679,835 Skinner Locks,Myersville,96917
Christina Jackson,680,3312 Ryan Cliff Apt. 411,Villanuevashire,87971
Joseph Walker,681,413 Sandra Greens,Port Nathanside,12505
Cory Santos,682,150 Samuel Summit Apt. 571,New Tiffany,34000
Denise Abbott,683,10394 Young Spring,Port Tyrone,34975
Eric Mitchell,684,444 Stacie Radial,New Danastad,50678
Mary Howard,685,377 Gill Haven Apt. 326,Johnsonhaven,81471
Jacob Meza,686,0526 Moore Roads Apt. 107,Evanland,53330
Benjamin Walker,687,5894 Timothy Ridges,East Joseph,95448
James Harris,688,6511 Edward Plains,South Andreaville,95827
Catherine Cox,689,138 Katherine Fall,Lake Robertville,55509
Diane Casey,690,62861 Ashley Corner Suite 351,West Mariaborough,51697
Monique Terry,691,808 Janet Extension Apt. 187,Lake Lindseyton,63226
Jillian Fuller,692,02085 Mcknight Place Apt. 807,Elizabethton,98761
Brandon Knight,693,9727 Sims Stravenue Suite 883,Franktown,69535
Michael Anderson,694,46272 Kim Squares Apt. 621,New Jennifer,13269
Mark Fisher,695,866 Patrick Mount Apt. 317,Port Darinport,05675
Rachel Gardner,696,39485 Priscilla Fall,West Angela,15933
Karen Henderson,697,35687 Benjamin Crossing Suite 233,New Brooketon,13232
Matthew Conley,698,59051 Jenna Club,Williamsfurt,06052
Lawrence Lopez,699,093 Tricia Squares Suite 563,Lake Shaun,18878
Larry Whitney,700,02775 Debbie Course,North Lisa,55934
Joseph Thomas,701,8386 Lindsey Walk Suite 380,West James,41731
Pamela Russell,702,911 Jessica Avenue Suite 568,Deborahberg,86424
Sandra Smith,703,812 Jeremy Circles Apt. 673,Matthewstad,14016
Amy Miller,704,6430 Amber Union Suite 363,Garrettmouth,18244
Christopher Skinner,705,0818 Sanchez Greens Apt. 488,Kennethtown,13647
Nicholas Torres,706,894 Heather Summit,Brianview,07790
Christopher Johnson,707,0321 Chan Locks,South Craig,79613
Paula Morales,708,426 Sandoval Tunnel Apt. 511,Lopezmouth,22406
Rachel Russo,709,327 Holland Path,Hudsonside,18341
Amanda Miller,710,951 Hinton Tunnel,Simontown,12185
Daniel Quinn,711,0093 Nicholas Expressway Apt. 744,East Kristenburgh,08642
Michael Lewis,712,1798 David Skyway,Anthonyland,99607
Paul Thompson,713,323 English Cape,Silvahaven,69856
Nicholas Powell DDS,714,6973 Timothy Grove Apt. 451,East Jonathan,60456
Kevin Sandoval,715,26968 Pratt Avenue,East David,44039
Catherine Day,716,7842 Thomas Field,Frankfort,88116
Daniel Hill,717,18744 Jessica Mills,Alexandrachester,93746
Dawn Tate,718,74246 Timothy Courts Apt. 918,Smithfort,42871
Carlos Morrison,719,1310 Hancock Brooks,Larsonborough,26147
Luke Rubio,720,55329 Angela Way,East Dianeport,45678
Christina Porter,721,45762 Farrell Villages,Hartview,33955
Terry Rollins,722,36860 Flores Haven Apt. 748,Port Steven,15311
Laura Grimes,723,6167 Michael Circle,Elizabethchester,35694
Jaime Franklin,724,446 Christopher Estate Suite 518,Kristyshire,74135
Victor Sanchez,725,831 Jasmin Villages Suite 930,Adamfort,88821
Samuel Hardy,726,920 Vasquez Rue,North Melissa,79880
John Berg,727,16391 Brandon Streets Apt. 726,North Daniellefurt,51446
Heather Evans,728,25442 Diaz Fall Suite 087,Crystalmouth,96325
Elizabeth Harris,729,561 Mitchell Haven,West Jessicachester,89678
Chad Ritter,730,552 Anderson Terrace,Lake Russell,62615
Sheryl Goodwin,731,9509 Le Field Apt. 201,Matthewville,95485
Shawn Thompson,732,7806 Amy Roads,Spencerland,41048
Keith Collins,733,723 Green Pines,Rodriguezmouth,90702
Michael Baker,734,974 Eddie Mill Apt. 919,Freemanfort,96421
Sandra Anderson,735,492 Mark Green Apt. 719,South Timothy,48818
Jay Baker,736,77973 Oneill Locks,Justinstad,12754
Adam Horton,737,69599 Schultz Locks Suite 088,Jessicatown,19866
Gavin Castaneda,738,757 Townsend Fort Apt. 915,New Tammychester,75040
Michael Gregory,739,87745 Johnson Way Apt. 820,Nicoleside,91042
Jennifer Martin,740,49219 Stokes Expressway Apt. 047,Kevinbury,08026
Michael Anderson,741,36556 Angela Points,East Rachel,73567
John Williams,742,604 Jones Highway,Damonbury,89699
Kyle Fischer,743,12874 Perry Spring Suite 265,North Davidborough,06892
Cassandra Johnson,744,19335 Pugh Highway Suite 498,Mariaside,29204
Sonya King,745,05087 Sullivan Plains Suite 390,Jacksonmouth,75524
Jeanne Hansen,746,9686 Andrew Estates,Moranberg,93932
Sabrina Patterson,747,8526 William Square Apt. 879,Michelefurt,77991
Tiffany Villanueva,748,757 Mccoy Trail Suite 149,New Dianeshire,22529
Melissa Adams,749,70314 Michael Glens Suite 349,North Erin,38922
Elijah Bowen,750,537 Jeremiah Estate Apt. 776,Howardmouth,37282
Jessica Barron,751,082 Mccoy Motorway Apt. 907,Kingville,70373
Russell Smith,752,78340 Garcia Estates Apt. 314,Port Kristopherhaven,37883
Adam Watkins,753,4613 Richardson Rest,North Jamesshire,56517
Gary Hopkins,754,3382 Banks Underpass Apt. 574,East Angela,41850
Evelyn Roberts,755,73565 Karen Rapid,East Jaymouth,64493
Jessica Harris,756,7626 Lewis Grove,Port Jenniferburgh,15799
Jeffrey Gordon,757,976 Ferguson Square,East Jeffreyside,91390
Arthur Vaughn,758,60996 Zuniga Islands,West Kelly,43482
Wayne Hayes,759,044 Hayes River Suite 481,Rossfort,77118
Cheryl Sanchez,760,218 Brown Track,West Kevin,63533
Heather Burton,761,33339 Jeremy Vista Suite 456,Alyssahaven,50679
Dale Carpenter,762,1727 Deleon Points Apt. 115,East Sabrina,73397
Christine Lane,763,280 Williams Fords Apt. 343,Taylorton,66283
Christopher Page,764,17672 King Track,South Erica,82104
Loretta Dixon,765,11000 Annette Falls Apt. 523,North Bridget,46003
Christopher Lane,766,6438 Thomas Run,Lake Saraview,58346
Alexa Best,767,3853 Mark Circle,Ronaldside,24659
Alexander Wagner,768,96338 Rebecca Lane Apt. 429,New Melaniemouth,35692
Rachael Williams,769,74781 Vargas Parkways Suite 521,Sarastad,88573
Jeffrey Watkins DVM,770,1244 Christopher Valley Apt. 463,Foxton,31016
Jennifer Miller,771,7178 Caleb Crossroad Apt. 162,Lake Amymouth,69271
Dominic Lee,772,66589 Cooley Pine Apt. 863,New Vincent,17022
Julie Moore,773,8355 Wood Meadows,Anthonyburgh,81889
William Barker,774,257 Susan Greens Apt. 129,Port Caitlin,15390
Dennis Gibson,775,569 James Viaduct Apt. 267,Lauraville,80846
Christopher Mcknight,776,2599 Robert Knolls,Vincentstad,94112
Rebecca Bartlett,777,807 Roberts Streets Apt. 159,Moralesbury,85389
Tyler Finley,778,786 Jason Corner Suite 540,Lake Franciscostad,28007
Lisa Cooper,779,500 Vang Forks,Johnnyport,46308
David Bell,780,25784 John Estate Suite 948,Clayfurt,89212
Robin Kidd,781,949 Danny Square,Melissaside,06197
Adam Mitchell,782,57217 Blake Ford Suite 422,New Dianeside,69809
Bradley Turner,783,14210 Brianna Haven,New Emily,01712
Jeffrey Garcia,784,5323 Graham Fork Apt. 868,Floresshire,53546
David Benson,785,1435 Misty Cove,Ericmouth,11233
Sharon Wilson,786,38304 Willis Manors,Brittanyburgh,77336
Christopher Smith,787,850 Alexa Parkways,North David,50537
Thomas Ho,788,61165 Miller View,Michaelberg,79827
Joseph Bowers,789,5935 Adams Estates Apt. 994,Hughesborough,99941
Erin Holmes,790,6831 Shelton Lights Apt. 914,Lake Brittney,84616
Aaron Sawyer,791,47361 Jennifer Cape,West Ashleyville,31270
Nathaniel Castaneda,792,65126 Williams Fork Apt. 703,Lake Brucechester,17129
Bryan Solis,793,39295 Garcia View,East Brooke,99557
Kristin Moore,794,3688 Kristin Forges,New Dawnmouth,64299
Kayla Williams MD,795,062 Corey Expressway,Diazborough,44618
Daniel Carroll,796,308 Patrick Island Apt. 301,Normanhaven,43892
Mr. Mason Wallace,797,1344 Kelsey Ford Suite 600,North Maxwelltown,30039
Anthony Medina,798,43930 Douglas Village Apt. 134,West Christianbury,94952
Diane Wilson,799,8502 Castro Prairie Apt. 551,Barrerahaven,12583
Tim Martinez,800,101 Rhonda Path,Gonzalezhaven,53527
Jeffery Miller,801,34888 Elizabeth Run Suite 687,Port Sean,56908
Matthew Dean,802,1456 Evans Forge Suite 932,Wendyfurt,85897
Kerry James,803,07308 Frank Dale,Reyeshaven,36704
Christian Jensen,804,67369 Mitchell Park Suite 756,West Thomas,64985
Joe Thomas,805,0096 Tony Shoal Suite 078,Lake Nicholas,18277
Jennifer Charles,806,9866 Jennifer Roads Apt. 078,Codyburgh,06281
John Hines,807,3403 Gabriela Route Suite 123,Ericshire,50689
Emily Glass,808,477 Torres Trail Apt. 351,West Nancy,90585
John Joseph,809,6650 James Ridge,Richardsstad,52141
Austin Trujillo,810,557 Samantha Extension,Orozcoland,94640
Matthew Armstrong,811,30532 Rich Oval,North David,42369
Brian Garcia,812,92022 Connie Mountain Suite 637,Port Kevinberg,13185
Noah Martin,813,83456 Stacy Motorway,Lake Paul,98222
Patrick Terry,814,681 Fitzgerald Extension,Port Matthew,30708
Christine Roy,815,40459 David Centers,Port Shawnside,01947
Casey Davis,816,92050 Derrick Corners Suite 192,North Kelly,46242
Joshua Green,817,504 Baldwin Trafficway,Jenkinsville,46573
Eric David,818,242 John Mission,South Monicabury,91689
Sheila Stone,819,037 Ford Locks,West Edwin,06479
Autumn Castaneda,820,029 Phillips Turnpike,Port Matthew,74449
Philip Browning,821,069 Gonzalez Road,Moranport,91422
Francisco Schaefer,822,0270 Lara Track Apt. 745,Johnnyberg,88878
Peter Hendrix,823,5206 Medina Stravenue,Hansenfort,73704
April Anderson,824,531 Karen Field Apt. 506,Jessechester,55497
Wendy Rush,825,02229 Karen Road Apt. 411,South Seth,04223
Ashley Coleman,826,2112 Michael Run Apt. 026,Nancyland,38920
Chelsey Ayala,827,78241 Norman Stream,Lake Daniel,73974
Nicholas Vaughan,828,91746 Johnson Village Apt. 335,East Kristymouth,06372
Charles Miller,829,864 Baker Green Suite 241,Port Jasmintown,93251
Terry Evans,830,3137 Hughes Tunnel,New Emilyhaven,70245
Gary Ramirez,831,817 Kayla Burg Apt. 054,Lake Chrishaven,39749
Amy Duran,832,185 Mcdaniel Haven,Klinemouth,16235
Latoya Mitchell,833,75895 Martinez Roads,Lake Kathleenfurt,95731
Kevin Benitez,834,8416 David Fort,South Curtis,57107
Elizabeth Norman,835,799 Jordan Prairie Apt. 129,Joneschester,27426
Michael Tucker,836,586 Brown Heights Apt. 895,Hughesmouth,41760
Suzanne Perez,837,631 Wiley Extensions,Wagnerchester,92268
Barbara Acosta,838,10996 Tracy Points Suite 941,Port Michaelville,62736
John Clayton,839,8802 Erin Park Suite 602,West Samantha,54809
Daniel Leon,840,2995 Jonathan Fort Suite 319,Lake Donna,25850
Kimberly Shelton PhD,841,46834 Amber Station,Jenniferville,75562
Steven Aguilar,842,72920 Jenkins Shores Apt. 227,Dorothychester,21736
Michael Mcbride,843,8734 Kelli Extension Apt. 976,Salazartown,98608
Patrick Nguyen,844,622 Mitchell Ville Apt. 473,New Dianebury,32942
Erik Barnes,845,224 Martin Row Suite 318,Hillville,36234
Ms. Erica Bell,846,967 Samuel Junction,Simmonshaven,29529
Roberta Gould,847,29068 Holly Shoal,Davidborough,99899
Joanna Baker,848,969 Porter Extension,Summersmouth,53319
Garrett Bennett,849,914 Mcgee Station Apt. 954,Smithmouth,04692
Patricia Douglas,850,177 Dean Junctions Apt. 758,West Elizabeth,44654
Karen Wright,851,035 Brian Walks,Smithmouth,00717
Dwayne Moore,852,92961 Santiago Mills Suite 939,Port Nancyview,02099
Jessica Vargas,853,30845 Brett Spring,Ashleyborough,12541
Evelyn Collins,854,430 Perez Alley,South Ashley,19844
Shawn Luna,855,37243 Little Drive,South Andre,19490
Amber Valencia MD,856,55611 Cooper Ramp Suite 148,West Madeline,28769
Catherine Meyer,857,951 Serrano Fall,West Shawn,36593
Jennifer Perry,858,9682 Rebecca Via Suite 612,Annastad,67743
William Allen,859,60228 Taylor Mountain,South Bretthaven,75532
Nicholas Brown,860,64667 Gordon Well Apt. 726,North Seth,88566
Rhonda Stone,861,8750 Abbott Manors,Lake Kimberlymouth,98356
Brittany Bradley,862,691 Jimenez Union Apt. 711,Port Rachelstad,43913
David Clark,863,173 Reid Ramp Apt. 206,East Nicholasfurt,26372
David Foster,864,45453 Dean Ways,New Karen,99071
Raymond Andrews,865,83606 Ashley Union Apt. 550,Vancehaven,23769
Sarah Santiago,866,945 Juan Harbor Suite 695,East James,87640
Aaron Parker,867,3027 Stewart Field Suite 506,West Staceystad,92979
Amy Gonzales,868,2733 Amy Fork Suite 517,Jessicahaven,69585
Joseph Powell,869,013 Benjamin Trail,Edwardhaven,86516
Charles Moss,870,79005 Luna Common,Port Amandaberg,71857
Dr. Keith Bradley MD,871,303 Walker Coves Suite 523,Martinezview,20371
William Hodge,872,3854 Gentry Coves,Danielmouth,79335
Pamela Stewart,873,1932 Lee Roads,Walterside,12077
Brittany Roberts,874,385 Taylor Station Suite 693,Kerrihaven,57696
Marcus Nichols,875,713 Cooper Oval,Port Amandaport,37371
Thomas Haney,876,154 Chapman Oval,Lake Erikberg,57714
Kelly Lambert,877,642 Sandra Cove,Port Michael,07375
Jennifer Berger,878,465 Bradford Pike Suite 118,Lake Anne,49268
Maria Anderson,879,31763 Richardson Rapids,Nicoleview,08126
Samantha Lee,880,628 Garcia Islands,Meghanshire,91458
David Ramos,881,239 William Garden Apt. 984,Marissaborough,82795
Frederick Krause,882,747 Aaron Parks Apt. 152,Racheltown,87481
Jennifer Bowen,883,89702 Alexander Way Apt. 076,Andrewshire,17469
Michael Cabrera,884,55497 Harper Pines Suite 475,Port Christine,60332
Christopher Brown,885,1796 Lee Ranch,Lake David,43335
Mary Mccoy,886,3013 Cindy Corner,Lake Davidville,09037
Jeffrey Stevenson,887,9000 Heath Rapid Apt. 540,Josephborough,60211
Kendra Patel,888,163 Holmes Estates,Lake Sonyaside,61013
Dennis Steele,889,12060 Karen Court Apt. 646,Lisaside,58791
Lawrence Mcclure,890,4448 Joe Turnpike Suite 116,Hillmouth,54344
Jordan Pacheco,891,061 Hayley Ford,South Jenniferchester,22753
Austin Douglas,892,340 Brian Circles Apt. 450,Kristenborough,81463
Rebecca Johnson,893,8600 Valenzuela Circles Suite 373,East Tylershire,36167
Alexander Lloyd,894,6256 Delgado Point,Lake Mariastad,23174
Jacqueline Chandler,895,671 Jon Club,Georgehaven,56404
Terry Robinson,896,3351 Jenna Shoals Suite 045,Riveratown,02843
Melinda Turner,897,1286 Gregory Summit,Port Danafurt,37933
Robert Johnson,898,12228 Ross Motorway,Mariaview,25157
Kristine Thornton,899,4585 Russell Drive Suite 998,Lewismouth,43892
Shaun Davis,900,32968 Perez Plaza Apt. 291,South David,99614
Amber Mosley,901,44208 Wolfe Stravenue Apt. 995,East Elizabethhaven,06428
Brittany Myers,902,95439 Edward River Apt. 770,Melindahaven,87012
Theresa Pollard,903,41746 Ellis Row Suite 230,Port Andresland,90570
Teresa Bailey,904,99314 Daniel Overpass,Lindseyview,69515
Sarah Baker,905,70866 Miller Forge Suite 854,Marioburgh,87557
Alyssa Clark,906,87722 Dixon Port Apt. 523,East Davidburgh,32754
Nicholas Gomez,907,333 Leslie Glen Apt. 256,Lake Alison,59079
Erin Griffin,908,57312 Young Common,South Anitafort,45268
John Johnson,909,03645 Cooper Drive,North Andrea,09046
Denise Haney,910,401 Taylor Lane,South Tiffany,11081
Marie Frey,911,96798 Aaron Mount,Pierceborough,29263
Miranda Hernandez,912,7446 James Trail,Rodriguezburgh,72337
Robert Garcia,913,70512 Patricia Pike,Hurstville,38247
Mark Taylor,914,7743 Steven Junctions,Lake Michelletown,85198
Trevor Gray,915,2948 Rivera Summit Suite 682,West Juliefort,02714
Mercedes Jones,916,57487 Aguirre Well,New Tony,72040
Elizabeth Wallace,917,4554 Sean Rue Suite 088,Brownton,28488
Jose Harris,918,49970 Brooke Loop,East James,74011
Michael Erickson,919,20821 Eric Unions,East Derekstad,56168
John Kim,920,36735 Tiffany Cliffs,East Clinton,48830
Julie Thompson,921,98449 Heather Field Apt. 947,Port Erin,55066
Travis Morrison,922,25704 Susan Pass Suite 327,East Jamesbury,99536
Richard Cole,923,70236 Cook Roads Apt. 236,Michaelview,88806
Linda Mckee,924,62418 Webb Estates,East Carrie,50760
Beth Mosley,925,41859 Melissa Burg,East Laura,41246
Mr. Andrew Ramirez,926,853 Amy Ways,North Danielleville,74711
Zachary Molina,927,032 Devon Views,Port Alexandriaton,49088
Christopher Stephens,928,881 Jennifer Throughway Apt. 244,North Timothy,35279
Laura Figueroa,929,1895 Patty Prairie Suite 975,Kendraberg,50185
Calvin Wong,930,6934 Michael Junctions Suite 839,North Susanhaven,43244
Aaron Abbott,931,9543 Richard Ranch,Goodwinshire,11398
Emily Anderson,932,502 Wood Square,New Summer,68065
David Miller,933,27868 Shane Street Suite 137,South Alejandratown,46992
Christopher Maxwell,934,5721 Elliott Vista Apt. 879,Jacobsburgh,58875
Melissa Short,935,7371 Joseph Port,West Jonathanfort,05313
Keith Parker,936,49616 Teresa Fields Suite 002,Port Sharon,17938
Brenda Reed,937,169 Martinez Road,West Gerald,68650
Raven Larson,938,88181 Allison Greens,Samuelshire,17426
Carolyn Clark,939,16897 Melissa Lane,Kurtbury,32684
Pamela Fisher,940,7188 Johnson Turnpike,Johnshire,35802
Ian Perez,941,699 Connie Center Suite 310,Brownchester,70571
Jason Goodman,942,730 Miller Unions Apt. 149,Brookebury,42977
Sherri Benitez,943,91478 Gordon Meadow,Rachelfurt,84280
Trevor George,944,9449 Tyler Cliff,North John,54368
James Mcneil,945,37039 Allen Mountains,Gouldburgh,84590
Jerry Frazier,946,694 Mary Greens,Danafort,37233
Brittany Gross,947,29910 Rachel Viaduct Suite 508,Robertsberg,31683
Lacey Fernandez,948,864 Serrano Estate,Sarahmouth,29990
Kyle Williams,949,2387 Gutierrez Village,Lake John,12935
Matthew Wright,950,933 Christopher Brook Suite 674,Sherryfurt,87445
Wendy Smith,951,0662 Kendra Skyway,New Stephaniehaven,85921
Joshua Conrad,952,2212 Webb Court,Hansenhaven,20932
James Rodriguez,953,61689 Amanda Landing,Mariaborough,27130
Katie Campbell,954,63482 Benjamin Throughway Suite 068,Laurenfurt,46115
Christopher Gonzalez,955,2010 King Port,Sandrashire,50811
Jeff Torres,956,658 Williams Port Suite 015,Lake Melinda,69415
Jordan Robbins,957,334 Caleb Path,Cameronport,87104
Jason Brock,958,867 Audrey Shoals Suite 997,North Ryanstad,32744
Collin Clark,959,42023 Simmons Villages,New Lorifort,53595
Timothy Harrington,960,1339 Stephanie Burg Apt. 258,Juanmouth,43746
William Melton,961,76336 Moran Manors Suite 609,Andersonchester,54229
Shawn Carr,962,29256 Ryan Parkways Suite 163,New Nicoleview,41580
Kevin Martin,963,1882 Ross Parkways Suite 087,Maureenview,24857
Jessica Stevens,964,68807 Cynthia Fords Suite 048,Port Kristenhaven,11201
David Frey,965,690 David Radial Suite 410,Valdezmouth,90157
Deborah Conrad,966,8284 Megan Shoals,Port Lydiaton,23993
Meagan Murphy,967,546 English Islands Apt. 790,Johnborough,28678
Anita Ortiz,968,40567 Oconnell Pines,Hernandezfurt,06382
Caitlin Mcpherson,969,130 Kim Radial Apt. 246,Jennifermouth,98947
Susan Rice,970,18662 Norman Prairie Suite 521,Andrewberg,04460
Eric Williamson,971,564 Benitez Mountains,Port Joshua,25238
Melissa Henry,972,0002 Pearson Drives,Monroeside,86918
Lisa Brown,973,0934 Kevin Locks,Lake Vanessa,48618
Christina Martin,974,70590 Jared Extension Suite 056,Larrymouth,19188
Dana Reynolds,975,1998 Timothy Lake,Danielburgh,02254
Dakota Berger,976,045 Flowers Trace,Jenniferhaven,87669
Allison Payne,977,010 Steven Park Apt. 076,Douglasbury,00873
Mark Reed,978,3254 Hayes Villages Apt. 421,Woodsmouth,54296
Sue Fisher,979,7519 Robert Loop Suite 724,Bettyland,09681
Katherine Gross,980,07790 Amber Shores,Lake Allenmouth,18077
Rebecca Jordan,981,815 Hansen Shoals,New David,78023
Jasmine Riddle,982,7628 Macdonald Point Suite 565,Ericachester,54576
Crystal Thompson,983,4903 Margaret Turnpike Suite 786,West Kellyport,66368
Heather Anderson,984,232 Barron Forest Suite 038,Mooreton,55163
Jorge Robinson,985,0065 Hernandez Extensions Suite 578,South Laurenshire,22400
Wendy Nelson,986,216 Virginia Brook,Simonbury,66238
Joseph Watson,987,86353 Grimes Way Apt. 824,Bryanhaven,79988
Rita Schultz,988,524 Adams Vista Apt. 798,East Heathermouth,70087
Robert Cook,989,28691 Ana Field,Moorehaven,36349
Carlos Williams,990,532 Harrell Valley,New Kyle,10974
Jennifer Miles,991,6181 Elizabeth Brooks,Moralesmouth,55175
Laurie Nguyen,992,9537 Tucker Passage Apt. 253,Peckside,58970
James Thompson,993,2037 Carter Tunnel,Steveview,33363
Kara Allen,994,879 Joshua Light Apt. 113,Davidchester,65946
Nicholas Carson,995,075 Fisher Shore Suite 999,Port Amanda,96835
Michael Cooper,996,68232 Sabrina Port,South Christopherport,42887
Bradley Santos,997,040 Harris Plains Suite 751,West Barbarahaven,58484
Yvonne Reyes,998,6710 Nicole Square,New Chelseaburgh,16384
Elizabeth Bell,999,97109 David Fall Suite 006,Rodriguezburgh,37127
Jennifer Martin,1000,3631 Hill Port,Macdonaldbury,61603
Rodney Reeves,1001,96447 Taylor Ranch Apt. 309,North Jessicachester,35475
